text,label
"I loved this product and the experience was amazing.",positive
"This was a great purchase and I am very happy.",positive
"The app is excellent, smooth, and easy to use.",positive
"Fantastic quality and wonderful customer support.",positive
"Everything worked perfectly and I highly recommend it.",positive
"The service was fast, helpful, and professional.",positive
"I had an excellent experience and the product feels premium.",positive
"Brilliant design, great performance, and very reliable.",positive
"The food was delicious, fresh, and absolutely amazing.",positive
"Setup was simple and the documentation was clear and helpful.",positive
"I am impressed by the great quality and thoughtful design.",positive
"The headphones sound amazing and feel comfortable.",positive
"This feature update is excellent and fixed every issue I had.",positive
"Wonderful support team, quick response, and great outcome.",positive
"The interface is clean, friendly, and pleasant to navigate.",positive
"My order arrived on time and everything looked perfect.",positive
"This tool saves me time and works really well.",positive
"I would gladly buy this again because it is fantastic.",positive
"The lesson was engaging, clear, and very useful.",positive
"Strong performance, excellent value, and a great result.",positive
"I regret buying this because it was a terrible experience.",negative
"This is a bad product with awful quality.",negative
"The app is frustrating, buggy, and disappointing.",negative
"Horrible support and a very slow response time.",negative
"Nothing worked properly and the whole experience was bad.",negative
"The product feels cheap and performs terribly.",negative
"I am unhappy with this purchase and would not recommend it.",negative
"The food was cold, bland, and unpleasant.",negative
"This update is awful and introduced new bugs.",negative
"The interface is confusing, messy, and annoying.",negative
"My package arrived damaged and several parts were broken.",negative
"Poor documentation made the setup frustrating and slow.",negative
"The battery life is terrible and the device overheats.",negative
"Customer support ignored my issue and never helped.",negative
"This was a stressful, disappointing, and expensive mistake.",negative
"The experience was bad from start to finish.",negative
"The movie was boring, slow, and poorly written.",negative
"I hate how unreliable this tool has become.",negative
"Terrible performance, bad value, and a poor result.",negative
"I would never buy this again because it was horrible.",negative
